<?xml version="1.0" encoding="UTF-8"?>
<project-private xmlns="http://www.netbeans.org/ns/project-private/1">
    <editor-bookmarks xmlns="http://www.netbeans.org/ns/editor-bookmarks/2" lastBookmarkId="0"/>
    <open-files xmlns="http://www.netbeans.org/ns/projectui-open-files/2">
        <group>
            <file>file:/C:/Users/Alberto/Documents/Ingenieria%20en%20Sistemas%20Unimet/Trimestre%2011/Algebra%20Lineal/ProyectoAL/src/proyectoal/Controlador.java</file>
            <file>file:/C:/Users/Alberto/Documents/Ingenieria%20en%20Sistemas%20Unimet/Trimestre%2011/Algebra%20Lineal/ProyectoAL/src/proyectoal/Matriz.java</file>
            <file>file:/C:/Users/Alberto/Documents/Ingenieria%20en%20Sistemas%20Unimet/Trimestre%2011/Algebra%20Lineal/ProyectoAL/src/proyectoal/ProyectoAL.java</file>
        </group>
    </open-files>
</project-private>
